{
  "dev_f1": 0.3603603603603603,
  "tau": 0.5,
  "dev_examples": 832,
  "epoch": 7,
  "train_loss": 1.0072784841060638
}